TP,TN,FP,FN,Accuracy,Sens,Spec,BalAcc,Precision,Recall,F1Score,AUC,Subject,Phase,Model,NTrainTrials,NTestTrials
25,34,6,15,0.7375,0.625,0.85,0.7375,0.8064516129032258,0.625,0.7042253521126761,0.8143750000000001,P1,pre,csp_lda,80,80
40,35,5,0,0.9375,1.0,0.875,0.9375,0.8888888888888888,1.0,0.9411764705882353,0.9556250000000001,P1,post,csp_lda,80,80
29,36,4,11,0.8125,0.725,0.9,0.8125,0.8787878787878788,0.725,0.7945205479452054,0.87375,P2,pre,csp_lda,80,80
38,39,1,2,0.9625,0.95,0.975,0.9624999999999999,0.9743589743589743,0.95,0.9620253164556962,0.9881249999999999,P2,post,csp_lda,80,80
33,33,7,7,0.825,0.825,0.825,0.825,0.825,0.825,0.825,0.905625,P3,pre,csp_lda,80,80
34,38,2,6,0.9,0.85,0.95,0.8999999999999999,0.9444444444444444,0.85,0.8947368421052632,0.971875,P3,post,csp_lda,80,80
35,33,7,5,0.85,0.875,0.825,0.85,0.8333333333333334,0.875,0.8536585365853658,0.9393750000000001,P1,pre,riemann_ts_lr,80,80
39,34,6,1,0.9125,0.975,0.85,0.9125,0.8666666666666667,0.975,0.9176470588235294,0.971875,P1,post,riemann_ts_lr,80,80
27,29,11,13,0.7,0.675,0.725,0.7,0.7105263157894737,0.675,0.6923076923076923,0.829375,P2,pre,riemann_ts_lr,80,80
38,38,2,2,0.95,0.95,0.95,0.95,0.95,0.95,0.9500000000000001,0.9974999999999999,P2,post,riemann_ts_lr,80,80
38,32,8,2,0.875,0.95,0.8,0.875,0.8260869565217391,0.95,0.8837209302325583,0.961875,P3,pre,riemann_ts_lr,80,80
37,38,2,3,0.9375,0.925,0.95,0.9375,0.9487179487179487,0.925,0.9367088607594937,0.96625,P3,post,riemann_ts_lr,80,80
35,36,4,5,0.8875,0.875,0.9,0.8875,0.8974358974358975,0.875,0.8860759493670887,0.964375,P1,pre,riemann_mdm,80,80
38,31,9,2,0.8625,0.95,0.775,0.8625,0.8085106382978723,0.95,0.8735632183908046,0.953125,P1,post,riemann_mdm,80,80
27,29,11,13,0.7,0.675,0.725,0.7,0.7105263157894737,0.675,0.6923076923076923,0.75625,P2,pre,riemann_mdm,80,80
38,38,2,2,0.95,0.95,0.95,0.95,0.95,0.95,0.9500000000000001,0.965,P2,post,riemann_mdm,80,80
35,33,7,5,0.85,0.875,0.825,0.85,0.8333333333333334,0.875,0.8536585365853658,0.940625,P3,pre,riemann_mdm,80,80
34,36,4,6,0.875,0.85,0.9,0.875,0.8947368421052632,0.85,0.8717948717948718,0.943125,P3,post,riemann_mdm,80,80
36,37,3,4,0.9125,0.9,0.925,0.9125000000000001,0.9230769230769231,0.9,0.9113924050632911,0.926875,P1,pre,fbcsp_lda,80,80
38,37,3,2,0.9375,0.95,0.925,0.9375,0.926829268292683,0.95,0.9382716049382716,0.935,P1,post,fbcsp_lda,80,80
30,30,10,10,0.75,0.75,0.75,0.75,0.75,0.75,0.75,0.8375,P2,pre,fbcsp_lda,80,80
38,38,2,2,0.95,0.95,0.95,0.95,0.95,0.95,0.9500000000000001,0.983125,P2,post,fbcsp_lda,80,80
26,36,4,14,0.775,0.65,0.9,0.775,0.8666666666666667,0.65,0.7428571428571429,0.905625,P3,pre,fbcsp_lda,80,80
32,33,7,8,0.8125,0.8,0.825,0.8125,0.8205128205128205,0.8,0.810126582278481,0.906875,P3,post,fbcsp_lda,80,80
